{"frozen": {"n_trades": 24.0, "win_rate": 0.4166666666666667, "avg_r": 1.47528116703755, "avg_win_r": 4.994725257385089, "avg_loss_r": -1.038607468924978, "profit_factor": 3.4350425977823487, "expectancy_r": 1.47528116703755, "total_r": 35.406748008901204, "total_pnl_usd": 5343.700000000001, "max_drawdown_r": -4.146325686426277, "max_consecutive_losses": 4.0, "best_r": 21.190589711424572, "worst_r": -1.0639472267097478}, "min_trades": 8, "cohorts": [{"dim": "nth", "label": "2ᵉ setup du jour", "promotable": true, "stats": {"n_trades": 9.0, "win_rate": 0.2222222222222222, "avg_r": 0.4258372464063746, "avg_win_r": 5.5771280009718955, "avg_loss_r": -1.0459601120409172, "profit_factor": 1.523447333020757, "expectancy_r": 0.4258372464063746, "total_r": 3.8325352176573713, "total_pnl_usd": 2136.58, "max_drawdown_r": -4.20084948486809, "max_consecutive_losses": 4.0, "best_r": 7.9368242527021575, "worst_r": -1.0983640505280283}}, {"dim": "tgt_rr", "label": "RR plus court (1.5–2)", "promotable": false, "stats": {"n_trades": 6.0, "win_rate": 0.3333333333333333, "avg_r": -0.1644994370430488, "avg_win_r": 1.5901000217873897, "avg_loss_r": -1.0417991664582682, "profit_factor": 0.7631509378113354, "expectancy_r": -0.1644994370430488, "total_r": -0.9869966222582929, "total_pnl_usd": -357.38, "max_drawdown_r": -2.1152745017673062, "max_consecutive_losses": 3.0, "best_r": 1.628950753399367, "worst_r": -1.0921972049689759}}, {"dim": "vs_ticks", "label": "V-shape plus mou (12–20 ticks)", "promotable": false, "stats": {"n_trades": 0.0}}]}